Title,Article
The Information Overload Dilemma: Why Tech Companies Need Smarter Intelligence Tools,"In today’s hyper-connected digital age, the tech industry is evolving at a rapid pace, with a constant influx of information from news articles, research papers, press releases, social media, and analyst reports. While this stream of data holds immense strategic value, it also presents a serious challenge: information overload. Tech companies are struggling to manage the volume, relevance, and timeliness of this information, leading to delays in product development, missed market signals, and ineffective strategic planning. The problem is compounded by the fragmented nature of sources and the difficulty in distinguishing valuable insights from repetitive or shallow content. Traditionally, companies have relied on analysts to manually scan, read, and summarize this information, a process that is not only slow and resource-intensive but also prone to human bias and oversight. This is where Natural Language Processing (NLP) emerges as a transformative solution. With state-of-the-art transformer models like BART, T5, and GPT, companies can now automatically summarize long-form content, extract key entities and keywords, detect sentiment, and cluster related topics for pattern recognition. These capabilities enable faster, more accurate synthesis of competitive and market intelligence. By integrating such NLP tools into a centralized platform, companies can automate data ingestion, filtering, summarization, and alerting, ensuring that only the most relevant insights reach decision-makers in real time. This shift from manual to AI-assisted intelligence allows organizations to be more agile, make faster decisions, and gain a strategic edge. Real-world examples already show companies leveraging NLP to track competitor activity, summarize industry trends, and deliver tailored updates to different departments, significantly improving internal communication and responsiveness. Whether building an in-house platform or adopting third-party tools, the key lies in customizing the NLP system to align with strategic goals, data privacy needs, and the pace of market evolution. As information volumes continue to rise, the real advantage will belong to organizations that stop trying to read everything and start using AI to read smartly. In doing so, they will not only manage information overload but turn it into a powerful asset for innovation and long-term competitiveness."
From Raw Data to Strategic Insight: How NLP is Transforming Market Research,"In an environment where data is being generated at unprecedented rates, tech companies are under pressure not only to collect information but to make sense of it quickly and accurately. Traditional market research methods, which often rely on manual review, spreadsheets, and infrequent reporting cycles, are no longer sufficient to keep pace with the dynamic shifts in technology, consumer behavior, and competitor movements. This is where Natural Language Processing (NLP) becomes a game changer. By applying sophisticated NLP models, organizations can transform unstructured data—such as news articles, analyst reports, regulatory filings, and social media posts—into structured, searchable, and summarized intelligence. Transformer-based models like BERT, RoBERTa, T5, and GPT-4 are capable of performing a range of tasks that mirror human reasoning, such as extracting entities, identifying sentiment, summarizing documents, and answering context-aware questions. These capabilities enable businesses to move beyond mere data collection into real-time insight generation. For instance, an NLP-powered system can scan thousands of press releases and identify which ones mention funding rounds, partnerships, or acquisitions by competitors—then summarize those events in a few bullet points or a daily newsletter tailored to product managers or executives. The system can also monitor emerging themes—such as increased references to “edge AI” or “sovereign cloud” in industry publications—and flag these as early signals of technological shifts. Beyond trend detection, NLP models can classify content by type (e.g., threat, opportunity, neutral news) and score the relevance of each piece to a company’s strategic priorities. When integrated into a dashboard, this allows leaders to explore competitive landscapes visually, drill down into summaries, and receive proactive alerts without wading through volumes of raw text. As NLP models continue to improve, the summarization quality now rivals or even exceeds that of human analysts in terms of consistency and scale. Moreover, because these models are multilingual and domain-adaptable, they can monitor global trends in real time, pulling intelligence from sources in multiple languages and industries. This shift—from static reports to dynamic, AI-generated insight streams—marks a fundamental evolution in how market research is conducted. It empowers teams to act quickly, identify whitespace opportunities, mitigate emerging risks, and maintain a forward-looking perspective. In doing so, NLP doesn't just enhance the efficiency of market research; it redefines its purpose from retrospective analysis to strategic foresight. For tech companies looking to remain competitive in an ever-accelerating world, adopting NLP tools is no longer optional—it’s a necessity for building a truly intelligent and responsive organization."
Building a Competitive Intelligence Platform: A Roadmap for Tech Firms,"As tech companies seek to maintain a strategic edge in an increasingly complex and fast-paced market, many are recognizing the value of building an end-to-end competitive intelligence platform powered by Natural Language Processing (NLP). Such a platform is not just a data aggregator—it is a dynamic system designed to automatically ingest, process, and deliver curated insights from thousands of unstructured content sources. The foundation of this system begins with data collection pipelines that continuously pull information from news websites, company press releases, industry blogs, research publications, job portals, and social media channels. These inputs are then passed through NLP modules that perform critical tasks such as text classification, named entity recognition, topic modeling, and abstractive summarization. The results are stored in structured databases and served to users through an intuitive dashboard that supports search, filtering, and real-time alerts. For example, a product manager might receive a notification if three major competitors announce AI integrations in their platforms within the same week, while an executive might log in to view a weekly summary of funding trends across their industry. To ensure relevance and precision, the platform can be customized to track specific competitors, technologies, geographies, and business signals such as acquisitions, leadership changes, or market entries. The integration of transformer-based models like T5 or GPT enables contextual understanding and fluent summarization of complex documents, allowing users to get the gist of a 10-page PDF in under 60 seconds. Over time, the platform can incorporate user feedback to improve ranking and relevance through retraining or fine-tuning models. This makes the system not only intelligent but also adaptive to organizational needs. Moreover, with APIs and collaboration tools built in, the insights can be pushed into Slack, email, or project management platforms, embedding intelligence into daily workflows. The security and scalability of such a platform are also critical; many teams use containerized deployments or private-cloud setups to manage sensitive competitive data. The result is a comprehensive intelligence hub that empowers cross-functional teams—product, marketing, sales, R&D—with timely, actionable information. Rather than waiting for quarterly research briefings, stakeholders can make decisions based on fresh, AI-curated knowledge. In a world where advantage often comes from being the first to react to market changes, building an internal competitive intelligence platform with NLP at its core becomes not just a digital upgrade, but a strategic necessity."
Tech Trends 2025: The Role of Summarization Models in Innovation,"In the tech industry, innovation is not a periodic initiative—it’s a constant race against time, disruption, and competitor advancements. As companies seek to design next-generation products, explore adjacent markets, or react to emerging threats, they must stay acutely aware of the shifting landscape around them. One of the most powerful yet underutilized tools in this innovation race is the transformer-based summarization model. Models like BART, T5, Pegasus, and GPT-4 are now capable of processing large volumes of unstructured data—including whitepapers, investor briefings, technical blogs, regulatory documents, and market analysis reports—and distilling them into crisp, coherent summaries in seconds. This is especially important in 2025, where the velocity of tech evolution in areas like generative AI, quantum computing, edge intelligence, and synthetic biology means even a one-week delay in awareness can result in missed opportunities or late-stage pivots. Summarization models help product teams quickly grasp what competitors are announcing, what trends analysts are predicting, and what signals are emerging from startup funding rounds or patent filings. For instance, a company exploring AI chips may use a summarization engine to scan and condense 100+ articles about Nvidia, AMD, and Intel over the past quarter, identifying recurring themes such as “edge model optimization” or “open-source hardware frameworks.” Marketing teams, meanwhile, can monitor how often certain phrases like “privacy-preserving AI” or “real-time personalization” appear in announcements across the industry and use that to shape positioning and messaging. Summarization also plays a role in cross-functional innovation, allowing executives, engineers, and researchers to consume the same curated intelligence tailored to their expertise levels, breaking down silos and creating a shared understanding of where the market is headed. Unlike traditional research methods that depend on analysts producing monthly or quarterly updates, NLP-based summarization allows for a continuous stream of bite-sized insights, ensuring innovation roadmaps remain informed and responsive. This real-time awareness can accelerate go-to-market timelines, enhance partner discovery, and surface whitespace opportunities that others overlook. Ultimately, by integrating summarization models into their competitive intelligence strategy, tech companies move from reactive decision-making to proactive innovation, fueled by up-to-date and relevant knowledge. In an era where disruption is the default, those who can summarize the noise into clarity the fastest will be the ones who define the future."
The Future of Competitive Intelligence is Automated,"The nature of competitive intelligence is undergoing a fundamental transformation, moving from human-driven analysis to AI-assisted automation that redefines both the speed and scale at which insights are discovered. Traditionally, competitive intelligence teams relied on a mix of manual research, curated newsletters, analyst briefings, and spreadsheets to track competitors, market trends, and emerging technologies. While this approach has been serviceable for years, it struggles to keep up with the exploding volume of information that defines today’s tech ecosystem. Startups emerge overnight, new products are launched weekly, and entire categories can shift in a matter of months. To operate in such a volatile environment, companies need systems that are always listening, always analyzing, and always learning—something only automation can provide. The modern approach to competitive intelligence leverages Natural Language Processing (NLP), machine learning, and APIs to create real-time pipelines that gather, filter, and interpret data from thousands of sources. These systems can track press releases, SEC filings, patent databases, product changelogs, and social media discussions to construct a constantly updated picture of the competitive landscape. NLP models—especially transformer-based ones like GPT, T5, and BART—can automatically summarize articles, extract key events, identify trends, and even assess sentiment toward a brand or product. These capabilities allow for alerts that go beyond basic keyword matching; they enable insight delivery that is nuanced, context-aware, and tailored to specific business functions. For example, sales teams might receive competitive battle cards updated daily based on the latest news, while R&D teams could be notified when a rival company files a patent related to a shared area of innovation. Automation also introduces consistency and scale—two major limitations of traditional human-led CI operations. An AI model doesn't fatigue, overlook an article, or misinterpret context due to bias. When designed well, these automated systems not only gather intelligence but refine their performance over time through user feedback loops, reinforcement learning, or prompt optimization. The future of competitive intelligence is therefore not a matter of replacing analysts, but augmenting them—freeing them from tedious monitoring tasks and empowering them to focus on high-value interpretation, scenario planning, and strategic decision-making. As automation becomes the default, companies that still rely solely on manual intelligence gathering will find themselves outpaced, not just in knowledge but in action. To stay competitive, the adoption of AI-powered, real-time, automated intelligence platforms is no longer optional—it is the standard by which modern organizations must operate."
Natural Language Processing for Decision Makers: A Primer,"For many decision-makers across tech companies—whether in executive leadership, product strategy, or innovation management—Natural Language Processing (NLP) has emerged as one of the most transformative yet misunderstood technologies in modern business intelligence. At its core, NLP is the ability of machines to read, understand, and generate human language, enabling companies to extract meaning from massive volumes of unstructured text data. Unlike traditional analytics that work best on numbers and structured databases, NLP specializes in processing content that humans create every day—news stories, product reviews, market reports, social media posts, and internal documentation. This makes it uniquely suited to the kinds of insights that matter most to business leaders: what customers are saying, what competitors are announcing, how sentiment is shifting, and where market conversations are headed. Modern NLP is powered by large language models (LLMs) like GPT-4, BERT, RoBERTa, and T5, which use deep learning and transformer architectures to understand context, intent, and nuance. These models can automatically summarize 20-page reports into five-sentence briefs, extract key information such as competitor names, product launches, and pricing changes, and even classify documents by theme, urgency, or relevance. For decision-makers, this means less time reading and more time acting—receiving focused updates rather than digging through dozens of scattered documents or emails. For example, a CEO might get a daily digest highlighting any strategic moves made by top five competitors, while a CMO could track which messaging trends are gaining traction in recent tech product launches. NLP tools can also scan earnings calls or investor briefings to detect hidden concerns, confidence levels, or repeated talking points that signal a shift in company direction. What makes NLP especially powerful is its scalability and adaptability—once set up, it can monitor thousands of sources simultaneously, in multiple languages, across global markets. And because these tools are trainable, they can learn what matters most to a specific organization, tailoring summaries and filters accordingly. Importantly, NLP doesn’t replace human judgment—it enhances it by delivering sharper, faster, and more relevant inputs. For decision-makers looking to navigate uncertainty, outmaneuver competitors, and capitalize on early signals, NLP offers a strategic capability that goes far beyond automation—it provides clarity, context, and competitive advantage in an increasingly noisy world."
How to Stay Ahead of Competitors Using AI-Enhanced News Summaries,"In today’s fast-paced digital economy, gaining and maintaining a competitive edge requires companies to track a constant stream of external signals, many of which are buried deep within news articles, industry announcements, and regulatory updates. Manually reading and analyzing this deluge of information is not only inefficient but virtually impossible at scale. That’s where AI-enhanced news summarization emerges as a powerful tool for strategic advantage. By leveraging Natural Language Processing (NLP) models—such as GPT-4, BART, or Pegasus—companies can automatically scan thousands of sources in real time, extract the most relevant details, and condense them into brief, digestible summaries tailored to specific business needs. These AI-generated summaries can be integrated into daily briefings, email digests, or dashboards that update teams on everything from competitor product launches and funding rounds to emerging technology trends and shifting consumer sentiment. For instance, a product manager may receive a one-paragraph summary each morning highlighting any AI features introduced by rival apps, while the sales team might be alerted if a competitor expands into a new geographic market. This level of timely awareness allows teams to respond proactively—adjusting messaging, reprioritizing roadmaps, or initiating competitive counter-moves. Unlike traditional media monitoring tools that focus on keyword tracking or volume counts, AI summarization engines provide contextual understanding, identifying why a particular announcement matters and how it fits into a broader pattern. These tools can also learn from user feedback, improving over time by focusing on what decision-makers actually read and act on. Furthermore, the ability to process multilingual sources enables organizations to track global developments across regions and sectors without requiring local language analysts. As a result, companies are no longer dependent on slow and siloed intelligence cycles; instead, they can operate with near real-time visibility into the competitive landscape. Ultimately, AI-enhanced news summarization transforms information overload into strategic insight, enabling organizations to move faster, think smarter, and stay several steps ahead of the competition in an environment where timing, awareness, and clarity often make the difference between leading and lagging."
Building a Real-Time Market Intelligence Dashboard,"Imagine a fast-growing enterprise software company struggling to keep pace with market shifts, competitive product launches, and industry developments relevant to its roadmap. The leadership decides to invest in a real-time market intelligence dashboard built with state-of-the-art Natural Language Processing (NLP) to transform how strategic decisions are made. The project begins by identifying the most critical external data sources: tech news outlets, press release aggregators, SEC filings, competitor websites, developer forums, analyst blogs, and even LinkedIn job postings. A pipeline is created using APIs and web crawlers to continuously ingest this information. The raw text is routed through a series of NLP modules—beginning with entity recognition to detect names of companies, products, and technologies, followed by summarization models like T5 and GPT-4 to distill key insights, and finally sentiment analysis and topic modeling to categorize and prioritize the information. The summarized intelligence is pushed into a custom dashboard that displays curated insights in real time, with filters for function (e.g., product, marketing, finance), geography, and competitors. Executives use the system to monitor strategic moves like mergers, funding announcements, or geographic expansion; product teams follow technical breakthroughs and patent activity; marketing teams track messaging shifts and social media sentiment. One day, the dashboard alerts the leadership that a major competitor has quietly acquired a startup in the AI automation space—a detail buried in a local news outlet. Within hours, the team holds a strategy meeting to assess the impact and revise positioning in an ongoing RFP. In another instance, a spike in hiring for “edge computing specialists” across three rivals helps the engineering team reprioritize investment in decentralized data infrastructure. Because the system is AI-driven, it learns from the team’s interactions—surfacing similar future events more prominently and reducing irrelevant noise. Over time, the dashboard evolves from a passive monitoring tool to a strategic partner that supports forecasting, identifies whitespace opportunities, and helps allocate resources more effectively. This real-time NLP-enabled platform becomes a central nervous system for competitive awareness, accelerating innovation and reducing blind spots. What started as a digital research assistant becomes an indispensable source of truth that empowers everyone from analysts to executives with timely, actionable intelligence. It’s not just a case of staying informed—it’s about staying strategically ahead."
From Buzzwords to Business Impact: Making Sense of Tech News with NLP,"In a world dominated by hype cycles, media buzz, and rapid-fire announcements, tech companies are bombarded daily with headlines that promise revolutions, breakthroughs, and next-big-things. From flashy funding rounds and bold product claims to speculative trends and influencer takes, the tech news ecosystem is often more overwhelming than enlightening. For executives and strategists, the real challenge is not a lack of information—it’s discerning signal from noise. This is where Natural Language Processing (NLP) technologies are proving invaluable. By applying advanced transformer-based models like GPT-4, BART, or LongT5, organizations can automate the process of scanning, parsing, and summarizing thousands of articles to surface only the insights that matter. These NLP systems are trained not just to compress content but to identify relevance, intent, and business impact—distinguishing between a superficial product mention and a significant pivot or market entry. For example, while dozens of media outlets may report on a company’s AI integration, an NLP engine can highlight that only one includes a quote indicating long-term strategic direction, making it the insight worth acting on. Moreover, NLP enables companies to group and track the evolution of certain narratives—such as “sustainable AI,” “AI agent frameworks,” or “open-source LLMs”—noting how frequently they appear, who is promoting them, and whether they’re gaining traction. These patterns help teams avoid chasing fads and instead focus on themes with actual staying power. Sentiment analysis adds further context, helping companies monitor not just what’s being said, but how it’s being received by media, influencers, and the market. NLP can also help identify emerging voices and lesser-known companies gaining unexpected momentum—valuable intelligence often missed by human monitoring. Ultimately, the combination of summarization, filtering, and trend detection enables businesses to reduce information fatigue and make decisions based on synthesized, high-signal insights. This turns chaotic content streams into structured knowledge pipelines that feed into product planning, investor relations, and corporate strategy. As the pace and volume of tech news continue to climb, the organizations that succeed won’t be the ones reading everything—they’ll be the ones equipped to understand what really matters, faster and more accurately than anyone else. NLP doesn’t just simplify news monitoring; it elevates it into a strategic function, separating what’s simply loud from what’s truly meaningful."
Empowering Teams with AI-Driven Insights: The Human-AI Collaboration Model,"In the modern enterprise, where cross-functional teams must move fast, share insights, and make aligned decisions, access to the right information at the right time is critical—and increasingly, that information comes in the form of dense, unstructured text spread across dozens of platforms. AI-powered summarization tools, particularly those built on advanced NLP models like GPT-4, BART, or Claude, are transforming how teams collaborate by acting as intelligent filters between raw data and strategic action. Rather than expecting engineers, marketers, product managers, and executives to independently sift through endless documents, press releases, analyst reports, and news articles, these tools create shared layers of condensed knowledge, customized to each function’s needs. A marketing lead might receive a crisp weekly digest of shifts in competitor messaging and ad positioning, while a product manager views a dashboard summarizing recent patent filings and funding news in a target tech category. Executives are provided with short, context-aware briefings summarizing strategic moves across the industry, enabling them to respond quickly and confidently. This shared access to relevant summaries ensures everyone operates with a unified understanding of the competitive landscape, reducing duplication of effort, missed signals, and internal knowledge silos. These AI-generated insights can also be pushed directly into platforms like Slack, Microsoft Teams, or project management tools, embedding intelligence into the daily workflow where decisions actually happen. Furthermore, as the models learn from team interactions—clicks, feedback, preferences—they grow smarter over time, improving the relevance and clarity of what they deliver. The impact is not just informational, but cultural: teams that were once reactive become proactive; meetings that once began with “catching up” now begin with “what should we do about this?” In a business world where speed, alignment, and clarity are often the difference between winning and falling behind, integrating AI-driven summarization into collaborative processes becomes a multiplier of both productivity and innovation. It allows human creativity and strategic thinking to flourish on a foundation of shared, timely, and high-quality intelligence. The future of collaboration is not about more meetings or more reports—it’s about better information, delivered faster, to the right people, in the right format. That’s what NLP-powered summarization makes possible."